cores,duration_sec,speedup,eff,accuracy,f1,weighted_precision,weighted_recall,auc
2,242.43,1.0000,1.0000,0.974630,0.974569,0.974544,0.974630,0.994806
4,173.74,1.3954,0.6977,0.974630,0.974569,0.974544,0.974630,0.994806
8,118.31,2.0491,0.5123,0.974630,0.974569,0.974544,0.974630,0.994806
16,166.20,1.4587,0.1823,0.974630,0.974569,0.974544,0.974630,0.994806
